description,breads
A list of classic breads and sweet pastries.,bagel
A list of classic breads and sweet pastries.,baguette
A list of classic breads and sweet pastries.,boule
A list of classic breads and sweet pastries.,brioche
A list of classic breads and sweet pastries.,casalinga
A list of classic breads and sweet pastries.,chapati
A list of classic breads and sweet pastries.,ciabatta
A list of classic breads and sweet pastries.,cornbread
A list of classic breads and sweet pastries.,crumpet
A list of classic breads and sweet pastries.,epi
A list of classic breads and sweet pastries.,ficelle
A list of classic breads and sweet pastries.,flatbread
A list of classic breads and sweet pastries.,focaccia
A list of classic breads and sweet pastries.,fruit bread
A list of classic breads and sweet pastries.,hamburger bun
A list of classic breads and sweet pastries.,hardtack
A list of classic breads and sweet pastries.,lavash
A list of classic breads and sweet pastries.,matzoh
A list of classic breads and sweet pastries.,muffin
A list of classic breads and sweet pastries.,naan
A list of classic breads and sweet pastries.,pain au levain
A list of classic breads and sweet pastries.,pain de mie
A list of classic breads and sweet pastries.,pane d'olive
A list of classic breads and sweet pastries.,paratha
A list of classic breads and sweet pastries.,pita
A list of classic breads and sweet pastries.,potato bread
A list of classic breads and sweet pastries.,pretzel
A list of classic breads and sweet pastries.,pumpernickel
A list of classic breads and sweet pastries.,roti
A list of classic breads and sweet pastries.,rugbrÃ¸d
A list of classic breads and sweet pastries.,rye
A list of classic breads and sweet pastries.,scone
A list of classic breads and sweet pastries.,soda bread
A list of classic breads and sweet pastries.,sourdough
A list of classic breads and sweet pastries.,tortilla
