description,condiments
A list of condiments,Aioli
A list of condiments,Ajvar
A list of condiments,Amba
A list of condiments,Barbecue sauce
A list of condiments,Biber salÃ§asÄ±
A list of condiments,Brown mustard
A list of condiments,Chili peppers
A list of condiments,Chili sauce
A list of condiments,Chili oil
A list of condiments,Chimichurri
A list of condiments,Chutney
A list of condiments,Cocktail sauce
A list of condiments,Colo-colo
A list of condiments,Crushed red pepper
A list of condiments,Dabu-dabu
A list of condiments,Dijon ketchup
A list of condiments,Dijon mustard
A list of condiments,Dip
A list of condiments,Fish paste
A list of condiments,Fish sauce
A list of condiments,Fritessaus
A list of condiments,Fruit preserves
A list of condiments,Fry sauce
A list of condiments,Gochujang
A list of condiments,Guacamole
A list of condiments,Honey dill
A list of condiments,Horseradish
A list of condiments,Hot mustard
A list of condiments,Hot sauce
A list of condiments,Skhug
A list of condiments,Kachumbari
A list of condiments,Kachumber
A list of condiments,Ketchup
A list of condiments,Fruit ketchup
A list of condiments,Banana ketchup
A list of condiments,Curry ketchup
A list of condiments,Kimchi
A list of condiments,Khrenovina
A list of condiments,Kyopolou
A list of condiments,Mayonnaise
A list of condiments,Mignonette sauce
A list of condiments,Milkette
A list of condiments,Monkey gland sauce
A list of condiments,Muhammara
A list of condiments,Mumbo sauce
A list of condiments,Murri
A list of condiments,Mushroom ketchup
A list of condiments,Mustard
A list of condiments,Mostarda
A list of condiments,Mustard oil
A list of condiments,Tewkesbury mustard
A list of condiments,Turun sinappi
A list of condiments,Nutritional yeast
A list of condiments,Olive oil
A list of condiments,Pepper jelly
A list of condiments,Pesto
A list of condiments,Piccalilli
A list of condiments,Pickled fruit
A list of condiments,Pico de gallo
A list of condiments,Mango pickle
A list of condiments,Pickled cucumber
A list of condiments,Pickled onion
A list of condiments,Pickled pepper
A list of condiments,PinÄ‘ur
A list of condiments,Popcorn seasoning
A list of condiments,Relish
A list of condiments,Chrain
A list of condiments,Ljutenica
A list of condiments,Remoulade
A list of condiments,Salad cream
A list of condiments,Salad dressing
A list of condiments,Salmoriglio
A list of condiments,Salsa
A list of condiments,Salsa golf
A list of condiments,Salt
A list of condiments,Salt and pepper
A list of condiments,Sambal
A list of condiments,Sauerkraut
A list of condiments,Sesame oil
A list of condiments,Skyronnes
A list of condiments,Soy sauce
A list of condiments,Sriracha
A list of condiments,Steak sauce
A list of condiments,Sumbala
A list of condiments,Sweet chilli sauce
A list of condiments,Syrup
A list of condiments,Tartar sauce
A list of condiments,Tekka
A list of condiments,Teriyaki sauce
A list of condiments,Tkemali
A list of condiments,Toum
A list of condiments,Vinegar
A list of condiments,Black vinegar
A list of condiments,Vincotto
A list of condiments,Vino cotto
A list of condiments,Watermelon rind preserves
A list of condiments,XO sauce
A list of condiments,Za'atar
A list of condiments,ZacuscÄƒ
