description,vegetables
A list of vegetables.,acorn squash
A list of vegetables.,alfalfa sprout
A list of vegetables.,amaranth
A list of vegetables.,anise
A list of vegetables.,artichoke
A list of vegetables.,arugula
A list of vegetables.,asparagus
A list of vegetables.,aubergine
A list of vegetables.,azuki bean
A list of vegetables.,banana squash
A list of vegetables.,basil
A list of vegetables.,bean sprout
A list of vegetables.,beet
A list of vegetables.,black bean
A list of vegetables.,black-eyed pea
A list of vegetables.,bok choy
A list of vegetables.,borlotti bean
A list of vegetables.,broad beans
A list of vegetables.,broccoflower
A list of vegetables.,broccoli
A list of vegetables.,brussels sprout
A list of vegetables.,butternut squash
A list of vegetables.,cabbage
A list of vegetables.,calabrese
A list of vegetables.,caraway
A list of vegetables.,carrot
A list of vegetables.,cauliflower
A list of vegetables.,cayenne pepper
A list of vegetables.,celeriac
A list of vegetables.,celery
A list of vegetables.,chamomile
A list of vegetables.,chard
A list of vegetables.,chayote
A list of vegetables.,chickpea
A list of vegetables.,chives
A list of vegetables.,cilantro
A list of vegetables.,collard green
A list of vegetables.,corn
A list of vegetables.,corn salad
A list of vegetables.,courgette
A list of vegetables.,cucumber
A list of vegetables.,daikon
A list of vegetables.,delicata
A list of vegetables.,dill
A list of vegetables.,eggplant
A list of vegetables.,endive
A list of vegetables.,fennel
A list of vegetables.,fiddlehead
A list of vegetables.,frisee
A list of vegetables.,garlic
A list of vegetables.,gem squash
A list of vegetables.,ginger
A list of vegetables.,green bean
A list of vegetables.,green pepper
A list of vegetables.,habanero
A list of vegetables.,herbs and spice
A list of vegetables.,horseradish
A list of vegetables.,hubbard squash
A list of vegetables.,jalapeno
A list of vegetables.,jerusalem artichoke
A list of vegetables.,jicama
A list of vegetables.,kale
A list of vegetables.,kidney bean
A list of vegetables.,kohlrabi
A list of vegetables.,lavender
A list of vegetables.,leek 
A list of vegetables.,legume
A list of vegetables.,lemon grass
A list of vegetables.,lentils
A list of vegetables.,lettuce
A list of vegetables.,lima bean
A list of vegetables.,mamey
A list of vegetables.,mangetout
A list of vegetables.,marjoram
A list of vegetables.,mung bean
A list of vegetables.,mushroom
A list of vegetables.,mustard green
A list of vegetables.,navy bean
A list of vegetables.,new zealand spinach
A list of vegetables.,nopale
A list of vegetables.,okra
A list of vegetables.,onion
A list of vegetables.,oregano
A list of vegetables.,paprika
A list of vegetables.,parsley
A list of vegetables.,parsnip
A list of vegetables.,patty pan
A list of vegetables.,pea
A list of vegetables.,pinto bean
A list of vegetables.,potato
A list of vegetables.,pumpkin
A list of vegetables.,radicchio
A list of vegetables.,radish
A list of vegetables.,rhubarb
A list of vegetables.,rosemary
A list of vegetables.,runner bean
A list of vegetables.,rutabaga
A list of vegetables.,sage
A list of vegetables.,scallion
A list of vegetables.,shallot
A list of vegetables.,skirret
A list of vegetables.,snap pea
A list of vegetables.,soy bean
A list of vegetables.,spaghetti squash
A list of vegetables.,spinach
A list of vegetables.,squash 
A list of vegetables.,sweet potato
A list of vegetables.,tabasco pepper
A list of vegetables.,taro
A list of vegetables.,tat soi
A list of vegetables.,thyme
A list of vegetables.,topinambur
A list of vegetables.,tubers
A list of vegetables.,turnip
A list of vegetables.,wasabi
A list of vegetables.,water chestnut
A list of vegetables.,watercress
A list of vegetables.,white radish
A list of vegetables.,yam
A list of vegetables.,zucchini
