name,group
lingonberry jam,condiment
chipotle peppers,condiment
Valentina hot sauce,condiment
mole,condiment
lime,condiment
chile de arbol,condiment
aioli,condiment
ajvar,condiment
amba,condiment
barbecue sauce,condiment
biber salcasi,condiment
brown mustard,condiment
chili peppers,condiment
chili sauce,condiment
chili oil,condiment
chimichurri,condiment
chutney,condiment
cocktail sauce,condiment
colo-colo,condiment
crushed red pepper,condiment
dabu-dabu,condiment
dijon ketchup,condiment
dijon mustard,condiment
dip,condiment
fish paste,condiment
fish sauce,condiment
fritessaus,condiment
fruit preserves,condiment
fry sauce,condiment
gochujang,condiment
guacamole,condiment
honey dill,condiment
horseradish,condiment
hot mustard,condiment
hot sauce,condiment
skhug,condiment
kachumbari,condiment
kachumber,condiment
ketchup,condiment
fruit ketchup,condiment
banana ketchup,condiment
curry ketchup,condiment
kimchi,condiment
khrenovina,condiment
kyopolou,condiment
mayonnaise,condiment
mignonette sauce,condiment
milkette,condiment
monkey gland sauce,condiment
muhammara,condiment
mumbo sauce,condiment
murri,condiment
mushroom ketchup,condiment
mustard,condiment
mostarda,condiment
mustard oil,condiment
tewkesbury mustard,condiment
turun sinappi,condiment
nutritional yeast,condiment
olive oil,condiment
pepper jelly,condiment
pesto,condiment
piccalilli,condiment
pickled fruit,condiment
pico de gallo,condiment
mango pickle,condiment
pickled cucumber,condiment
pickled onion,condiment
pickled pepper,condiment
popcorn seasoning,condiment
relish,condiment
chrain,condiment
ljutenica,condiment
remoulade,condiment
salad cream,condiment
salad dressing,condiment
salmoriglio,condiment
salsa,condiment
salsa golf,condiment
salt,condiment
salt and pepper,condiment
sambal,condiment
sauerkraut,condiment
sesame oil,condiment
skyronnes,condiment
soy sauce,condiment
sriracha,condiment
steak sauce,condiment
sumbala,condiment
sweet chilli sauce,condiment
syrup,condiment
tartar sauce,condiment
tekka,condiment
teriyaki sauce,condiment
tkemali,condiment
toum,condiment
vinegar,condiment
black vinegar,condiment
vincotto,condiment
vino cotto,condiment
watermelon rind preserves,condiment
xo sauce,condiment
za'atar,condiment
